sent_id,sentence,perseus_preds,perseus_TP,perseus_FP
sent_0000,This finding indicated that organic compounds could carry current .,3,1,2
sent_0001,Blagoja ` Billy ' Celeski is an Australian footballer who plays as a midfielder for the Newcastle Jets .,3,2,1
sent_0002,"Tom Bradley joined the London , Midland and Scottish Railway Company as a junior clerk in the Goods Depot at Kettering i",5,2,3
sent_0003,"However , Jesus is not accepted as the son by Muslims , who strictly maintain that he was a human being who was loved by",1,1,0
sent_0004,"From 1970 to 1985 , Gideon Rodan taught at the University of Connecticut School of Dental Medicine until he switched ove",4,2,2
sent_0005,"After a short absence Keibler began a short feud with the evil Jillian Hall , which led to the two having a match on `` ",4,3,1
sent_0006,Walcott was brought on one knee in the third round and the fight ended with hardly a scratch on Langford .,2,2,0
sent_0007,"On 12 July 2006 , Hezbollah launched a series of rocket attacks and raids into Israeli territory , where they killed thr",5,3,2
sent_0008,Courtelary is first mentioned in 968 as `` Curtis Alerici '' in a list of the properties of Moutier-Grandval Abbey .,2,1,1
sent_0009,"The strike obtained political support from the Political Affairs Committee , and the workers were addressed at numerous ",6,2,4
sent_0010,US 258 and NC 122 parallel the river north before the two routes diverge northeast of Tarboro .,5,4,1
sent_0011,"A number of rare and endemic plants are adapted to the unique limestone soils of the mountains , including the cliffdwel",4,1,3
sent_0012,"These include any Assistant to the President , Deputy Assistant to the President , and Special Assistant to the Presiden",0,0,0
sent_0013,He was awarded the Queen 's Police Medal in the 1957 New Year Honours .,2,2,0
sent_0014,"with a .535 slugging percentage , and the Astros , where he batted .260 in 64 games , primarily at second base .",1,1,0
sent_0015,They are also known in Japan as `` Northern Territories '' .,1,1,0
sent_0016,She resigns after the events of `` The Last Precinct '' and relocates to Florida to become a private forensic consultant,2,2,0
sent_0017,"Upon exiting Davidson Township , Sullivan County , Muncy Creek enters Lycoming County and flows along the border between",4,2,2
sent_0018,"Although the villages were located close to industrial sites , they were generally physically separated from them and ge",5,2,3
sent_0019,The RSNO 's base is at Henry Wood Hall in Glasgow and is also used as its recording venue ; a new base is being construc,6,4,2
sent_0020,Dripping can be clarified by adding a sliced raw potato and cooking until potato turns brown .,5,1,4
sent_0021,"A character notes some practical difficulties with such a map and states that `` we now use the country itself , as its ",3,1,2
sent_0022,"Having returned to the Second Division at the first attempt , they gained promotion to the First Division in 1974 .",9,2,7
sent_0023,He stayed for less than a year before being appointed Chief Constable of Kent in July 1946 .,3,3,0
sent_0024,"In many of her writings , King often refers to the comical contradictions between the material reality of her upbringing",7,2,5
sent_0025,McLay also suggests that the songs negate what many consider to be a `` heretical '' ending for a comedy .,2,0,2
sent_0026,Byrom Street Cutting became a runaway catch point for runaway trains in the tunnel .,8,1,7
sent_0027,"The division maintained defensive positions until the offensive of 23 May , when it broke out of the beachhead , took Ci",4,4,0
sent_0028,"The novel follows Cashel Byron , a world champion prizefighter , as he tries to woo wealthy aristocrat Lydia Carew witho",0,0,0
sent_0029,A different judge then ordered the case reviewed by a higher court .,3,2,1
sent_0030,"In 1717 Lady Mary Wortley Montagu observed the practice in Istanbul and attempted to popularize it in Britain , but enco",6,4,2
sent_0031,"Wallonia is also home to about 80 % of the population of the French Community of Belgium , a political level responsible",5,3,2
sent_0032,"For liquid-packed vessels , thermal relief valves are generally characterized by the relatively small size of the valve ",4,3,1
sent_0033,The Original Celtics were a barnstorming professional basketball team in the 1920s .,0,0,0
sent_0034,"As the student of Torah ascends through the thought of the Pardes system , as the interpretations become more inward and",5,3,2
sent_0035,Just above seen is a replica of a Shiva lingam .,3,1,2
sent_0036,"Around the `` triangle area , '' which includes Quanzhou , Xiamen and Zhangzhou , locals all speak Minnan languages .",4,4,0
sent_0037,"This used the section of the C&HP line from Buxton as far as Parsley Hay , from where a single line ran south to Ashbour",4,3,1
sent_0038,"Though this form of violence is often portrayed as an issue within the context of heterosexual relationships , it also o",9,4,5
sent_0039,"The second session , taking place on November 12 , 1960 , produced Joe Primrose 's `` St. James Infirmary '' and the sad",3,2,1
sent_0040,23.8 % of all households were made up of individuals and 13.0 % had someone living alone who was 65 years of age or olde,3,1,2
sent_0041,"He held the post as Attorney-General until 1834 ; he was readmitted in 1841 and after serving for a year , became Master",4,3,1
sent_0042,She began her film career in 1947 in the film `` A New Oath '' .,3,2,1
sent_0043,"Continuing duties specified for freed slaves in manumission agreements became more common into the Hellenistic era , and",6,5,1
sent_0044,"He returned to Cleveland , working in clubs as a singer , dancer , and comedian , often appearing in character as Prince",4,3,1
sent_0045,The Israeli controlled sector was captured by Israel in the Six-Day War of June 1967 .,4,1,3
sent_0046,"Voyslava has killed Mlada , Yaromir 's bride , to have him for herself .",3,2,1
sent_0047,"Here , equality between the two vectors in homogeneous coordinates means that the numbers on the right side are equal to",7,0,7
sent_0048,"Many lodge members , youth and adult , are active staff members of both Scout and Cub Scout camps .",7,0,7
sent_0049,These tracks have subsequently been included on CD reissues of the album `` The Plan '' .,7,1,6
sent_0050,"The Institut Constant de Rebecque is a Swiss free-market , classical liberal and libertarian think tank founded in Janua",3,2,1
sent_0051,Owen and the French socialist Henri de Saint-Simon were the fathers of the utopian socialist movement ; they believed th,7,2,5
sent_0052,"It finally closed to all traffic in July 1985 , when it was deemed too expensive to make extensive repairs to keep Latch",13,4,9
sent_0053,"The previous champions in 2005 were Kilmacud Crokes , who were knocked out of the 2006 competition at the semi-final sta",2,0,2
sent_0054,"That night , 300 soldiers of the 1st SS Battalion were able to reinforce the hotel and defeat several attacks on the bui",8,2,6
sent_0055,"He develops significance both as a recurrent character in the series and friend to Dream , appearing in a total of seven",2,1,1
sent_0056,"From 1953 till 1957 Speranskaya worked as chief artist in Kazan Dolls Theatre , since 1957 she worked as stage-artist di",5,3,2
sent_0057,"On April 13 , 1987 , the Iowa Terminal Railroad was sold to Dave Johnson and renamed to Iowa Traction Railroad .",5,3,2
sent_0058,"His works span a wide range of topics from the occult to natural history , literary criticism , biology , cartography , ",1,1,0
sent_0059,"In 1981 , when staying in New York State , the pair developed the idea of running workshops for professional artists , w",4,1,3
sent_0060,This currently sees the club ranked sixth in terms of premierships won .,3,3,0
sent_0061,"Arrangements were made for mid-August performances in 1944 , but , following the 20 July plot to assassinate Hitler , Jo",0,0,0
sent_0062,Fishing boats and cargo ships typically have one or more cargo holds .,6,4,2
sent_0063,"Furious at being passed over again , Michael secures another job with a rival company and plans on leaving his family be",5,3,2
sent_0064,"In October 2008 , Bond apologized to former U.S. Attorney Todd Graves , after a U.S. Justice Department report cited Bon",4,3,1
sent_0065,"He toured extensively throughout the world , and earned the marketing nickname `` the Pavarotti of the Organ '' .",5,3,2
sent_0066,XM did offer a free month of service to subscribers who called in complaints of the suspension .,1,1,0
sent_0067,"The first , at a severity of Mw 6.0 , occurred on May 26 , 1994 .",6,2,4
sent_0068,The Federal Trade Commission began an investigation in late 1995 .,1,1,0
sent_0069,"Although the Algeciras Conference temporarily solved the First Moroccan Crisis , it only worsened the tensions between t",4,3,1
sent_0070,By the end of this experiment several results were found .,2,1,1
sent_0071,"Blackburne 's statement that he `` would not tolerate a refusal to ratify the appointment '' , is an indication of the i",2,1,1
sent_0072,The latter was lifted only as the b-side of `` Keep on Loving Me '' .,1,0,1
sent_0073,"However , the two sometimes work as partners , and during a point in which Robin and Ariana were unable to see each othe",2,1,1
sent_0074,"Agen would have another successful run in the 1940s , beginning with the 1943 season when they defeated Stade Bordelais ",1,1,0
sent_0075,"His elder brother , Conte Quinto Mazzolini , served as Italian consul in Jerusalem , and undertook negotiations with Abr",7,4,3
sent_0076,"In the first volume of the series , The Noh 's nature and background is explained .",2,2,0
sent_0077,Plans to artificially oxygenate areas of the Baltic that have experienced eutrophication have been proposed by the Unive,7,3,4
sent_0078,"Overseas teams would not return to Russia until 1998 , when a youth tournament was held in Moscow .",0,0,0
sent_0079,"Because of this association , St. Michael was considered to be the patron saint of colonial Maryland , and as such was h",11,3,8
sent_0080,He ran for Speaker of the Rhode Island House of Representatives four times .,2,1,1
sent_0081,"By opening for acts such as U2 and Bob Dylan , they became a popular alternative rock band of the 1980s , retaining a lo",3,2,1
sent_0082,Separate berthings and heads are found on sailboats over about .,0,0,0
sent_0083,"Their performance was well received and inspired Ruby Hunter , Archie Roach 's partner , to dub the trio Tiddas , which ",5,1,4
sent_0084,These skills were readily proven when squadrons and personnel were mobilized and recalled back to active duty during the,7,7,0
sent_0085,"Charles prorogued parliament on 25 June , but the army was not disbanded , which worried Shaftesbury .",2,2,0
sent_0086,"A British version of this show was developed , known as `` Gladiators : Train 2 Win '' .",2,1,1
sent_0087,"The mouse is around nine inches long , and can jump in bounds of four feet when threatened .",3,1,2
sent_0088,"His son , John Crozier , Jr. , was an early aviation pioneer who began building a human-powered flying machine in the 18",4,2,2
sent_0089,"The first single , `` Dreamer , '' features performances by keyboardist Philippe Saisse , and vocalists Jasmine Roy and ",2,2,0
sent_0090,"These screening activities include : review of group-based data ; hearing , vision , motor , and speech/language screeni",6,5,1
sent_0091,The fractional quantum Hall effect continues to be influential in theories about topological order .,7,1,6
sent_0092,"Following his death , a statue of Sir Arthur was erected behind the National Archives of Canada , overlooking the Ottawa",4,4,0
sent_0093,"In a proposed amendment of the party 's constitution by a delegate to hold an early leadership review of Tim Hudak , McC",4,2,2
sent_0094,"Within England and especially Scotland , there were repeated attempts by the deposed House of Stewart to regain the thro",0,0,0
sent_0095,"Instead of ablating the tissue , the laser cuts a portion of the prostate , which is then cut into smaller pieces and fl",5,3,2
sent_0096,"In 1879 , he was re-elected U.S. Senator and was tipped as a Presidential candidate , but died suddenly after giving a s",3,2,1
sent_0097,"They point to other easy-to-learn languages such as Tok Pisin in Papua New Guinea , which have had deleterious effects o",6,2,4
sent_0098,It was club policy to promote talent into the senior team that was adopted by Bill Dimovski .,5,1,4
sent_0099,"She received her Master Degree in the field of Controls , Guidance and Instrumentation from I.I.T Madras and Ph.d degree",2,1,1
sent_0100,In colonial times all grants of land from the Lords Baltimore were in the shape of leases subject to small and nominal g,6,2,4
sent_0101,The term can be applied to any vessel ; turning turtle is less frequent but more dangerous on ships than on smaller boat,6,2,4
sent_0102,"Since many of the rebbes of the Nadvorna Dynasty married relatives , many of the rebbes in this list are sons-in-law of ",2,1,1
sent_0103,In 1991 he started writing and touring full-time which he still does today .,5,5,0
sent_0104,"That method relies heavily on inductive logic , seeking to show that his Christian beliefs fit best with the evidence .",3,1,2
sent_0105,"Often , objects are so far away that they do not contribute significantly to the final image .",2,1,1
sent_0106,"In 1958 , he won gold medal at the 6th European Championships in Stockholm .",9,2,7
sent_0107,"The enantioselectivity of this reaction is important because only the S enantiomer is medicinally desirable , whereas th",6,2,4
sent_0108,"Later , it carried `` Monitor , '' the network 's very successful weekend radio service .",1,1,0
sent_0109,The United States High Commissioner for Germany and his staff occupied the building from 1949 to 1952 .,9,4,5
sent_0110,"Legislation sponsored by Sweeney and signed into law provides state pensions to surviving family members of police , fir",9,5,4
sent_0111,"If the introduced surface had an ionic or polar nature , there would be water molecules standing upright on 1 or 2 of th",2,1,1
sent_0112,"They acquired the Charles City Western on December 31 , 1963 .",4,1,3
sent_0113,He was born to Afro-Guyanese parents & is of Afro-Guyanese descent .,1,0,1
sent_0114,"Unsure of who he is , Zero helps the band of Reploids , who in turn marvel at his skills .",3,2,1
sent_0115,The power cepstrum of a signal is defined as the squared magnitude of the inverse Fourier transform of the logarithm of ,1,1,0
sent_0116,"He made several practical inventions , the most notable of which was an `` index visible filing system '' which he paten",12,5,7
sent_0117,"The British Army had been shown to be overstretched by the Crimean War , while the mutiny in India had led to the respon",3,2,1
sent_0118,"In the United Kingdom , community empowerment networks are networks of a collection of local community , voluntary and t",7,2,5
sent_0119,"Mark and Marisa , the Drive Time presenters , made the announcement live on air at 5.20 pm GMT and both the staff 's per",11,1,10
sent_0120,Staff were only informed of the decision to cease broadcasting 24 hours earlier at 5pm on the evening of 23 December .,5,2,3
sent_0121,"Davis released about 25 singles during his seven years with Dakar , most of them big R&B sellers produced by Willie Hend",5,3,2
sent_0122,The waist line was put higher and the skirts became longer .,3,2,1
sent_0123,"For patients who do not recover quickly , the protocol also includes support groups and/or psychotherapy .",0,0,0
sent_0124,"The narrator does not end up being sexually assaulted ; instead , she has grabbed her suitcase and fled the compartment ",0,0,0
sent_0125,"Thomas soon became a regular in the Arsenal side , making his league debut on 14 February 1987 in a 1-1 draw with Sheffi",14,8,6
sent_0126,In 1982 Caro was trying to organise an exhibition of British abstract art in South African townships when he met Robert ,4,3,1
sent_0127,"The brightest star in Serpens , Alpha Serpentis , or Unukalhai , is a red giant of spectral type K2III located approxima",5,1,4
sent_0128,"Charles delayed declaring war , however , leading Shaftesbury to support a resolution of the House of Commons providing ",3,2,1
sent_0129,"After the Battle of Culloden in 1746 , these rebellions were crushed .",2,2,0
sent_0130,"Two - and three-year programs are offered in various fields , through the divisions of Games and Animation , Industrial ",18,1,17
sent_0131,It is best served with laksa and homemade tauhu .,2,2,0
sent_0132,The RIAA lists it as one of the Best Selling Albums of All Time .,2,1,1
sent_0133,"Alan , one of the crew , begins to behave strangely and Pete suggests taking a blood sample to check .",6,3,3
sent_0134,"In 1914 , the BSA gave local councils the power to segregate African Americans from white Scouts .",4,3,1
sent_0135,`` Kormoran '' was the only Axis ship to conduct attacks in Australian waters during 1941 and the last Axis surface raid,2,0,2
sent_0136,11 million copies of the flyer were distributed to the public via an 85-newspaper distribution chain .,5,1,4
sent_0137,The very ease of acquiring Esperanto might even accelerate the process .,3,1,2
sent_0138,"The RSNO also performs throughout Scotland , at such venues as the Glasgow Royal Concert Hall , Usher Hall , Caird Hall ",7,7,0
sent_0139,The city is served by two long-distance bus stations : Jiaxing North Bus Station and the new Jiaxing Transportation Cent,2,2,0
sent_0140,"Its bus operations were merged with another city-owned company , Suomen Turistiauto , to form a new bus company called H",3,2,1
sent_0141,The ninth leaf contains a circular world map measuring in circumference .,2,2,0
sent_0142,"New York City is iconic not only for Americans , but also for many Europeans as the city of melting pot where many ethni",0,0,0
sent_0143,"The University of Florida however , refused to recognize BYX .",1,1,0
sent_0144,Ely Cathedral was never vaulted and retains a wooden ceiling over the nave .,1,1,0
sent_0145,His body was laid to rest at St. Gwynno Church in the Llanwynno forestry .,2,1,1
sent_0146,"Five years later , Alvarez was reunited with his family in New York and his father was able to start a business in Hobok",11,1,10
sent_0147,"This church is of medieval origin , the building has undergone a radical transformation in 1885 .",6,1,5
sent_0148,El Camino High School offers the recommended A-G courses based upon the University of California that illustrates the mi,7,4,3
sent_0149,"It was regained by Syria on October 6 , 1973 , the first day of the Yom Kippur War , following the First Battle of Mount",2,0,2
sent_0150,"Callaghan 's decision on the Japanese pilot 's funeral in 1945 would receive praise years later , although a memorial se",1,0,1
sent_0151,"The culture of Bhutan is fully reflected in the capital city in respect of literature , religion , customs , and nationa",0,0,0
sent_0152,"In 1845 , he was chosen Chief Justice of the Court of Queen 's Bench .",16,4,12
sent_0153,"After the British capture of Madrid , Hill had responsibility for an army of 30,000 men .",2,1,1
sent_0154,"One of the better units based at NAS Glenview in the post-WWII period was Attack Squadron 725 , part of NARTU Glenview u",6,4,2
sent_0155,"Until its 2007 acquisition by Tavistock Group , Freebirds World Burrito had its corporate headquarters in College Statio",2,0,2
sent_0156,Passengers for or should change at Twyford during off peak .,3,1,2
sent_0157,"Later , the very different STA was converted into a flightworthy orbiter , re-designated OV-099 , and christened `` Chal",3,3,0
sent_0158,"This font contains many largely recognized shapes and gestures as well as some recognized world symbols , such as the St",7,7,0
sent_0159,Passenger services on the line were terminated on 31 December 1954 .,2,1,1
sent_0160,"Sikorsky and Boeing say that factors outside their control , like budget cuts , `` requirement creep , '' and a long dev",0,0,0
sent_0161,`` Billboard '' magazine ranked the album thirty-second in the decade-end recap of the most successful albums of the 200,7,3,4
sent_0162,"`` Video Concert Hall '' ran daily on USA Network from 1978 to 1981 on a seemingly arbitrary schedule , appearing on ear",3,2,1
sent_0163,The district also provides recreation and leisure services to many non-residents of the area on a fee basis .,17,5,12
sent_0164,"The lodge also hosts fellowship events , conclaves , training events , and an annual family banquet , and supports the c",6,5,1
sent_0165,"In `` The Scarpetta Factor , '' she is working full-time and Wesley is working part-time in New York .",2,2,0
sent_0166,"Though this time , the Brumbies won , 47 to 38 in front of a record crowd at Canberra Stadium .",2,2,0
sent_0167,"Dangaioh 's characters , mecha , and storyline elements appeared in Banpresto 's `` Super Robot Wars '' games .",3,2,1
sent_0168,"From the , 275 or 26.1 % were Roman Catholic , while 624 or 59.3 % belonged to the Swiss Reformed Church .",0,0,0
sent_0169,"Porter wrote in 1980 that strategy target either cost leadership , differentiation , or focus .",6,4,2
sent_0170,A better alternative in order to find the best possible results would be to use the Smith-Waterman algorithm .,3,0,3
sent_0171,"On 19 October 2010 , Tuqiri was officially named in the Australian squad for the Four Nations as a replacement for the i",0,0,0
sent_0172,It 's recommended to have only two males and a dozen or so females .,0,0,0
sent_0173,"According to available information , the Maoists of Nepal have well-established linkages with Indian revolutionary commu",13,0,13
sent_0174,"Its objective is to organize in-service Continuous Capacity Building and professional development training sessions , wo",2,2,0
sent_0175,"When the band is not touring , Peter Bywaters offers personal English as a second language tuition on a live-in basis at",0,0,0
sent_0176,"In November 1998 , the company suffered a public relations embarrassment when its sales flyer featured a prominent photo",4,2,2
sent_0177,"Centuries later , in 1806 , during the Napoleonic era , was built the Canal de l'Ourcq , destined to the inland navigati",1,1,0
sent_0178,"Instead of having system calls specifically for process management , Plan 9 provides the codice_13 file system .",1,1,0
sent_0179,"His main power , the Omega Beam , is a form of energy that he fires from his eyes as either a concussive force or disint",5,3,2
sent_0180,"Rockwell and NASA thus retroactively re-designated the MPTA as MPTA-098 , though it was never christened with a name .",0,0,0
sent_0181,Maduveya Vayasu song from nanjundi kalyana was a track played during marriages for many many years in Kannada .,5,2,3
sent_0182,"Kabul had textile , cotton production , and carpet production industries , but most of its economy came through tourism ",7,2,5
sent_0183,An `` Dangaioh '' adventure game was released for the PC-8801 in Japan in April 1990 .,6,1,5
sent_0184,"From 1698 to 1843 the famous organ built by Arp Schnitger , one of the Baroque period 's best known organ makers was the",6,4,2
sent_0185,"Instead he awoke when a smaller meteorite hit the Earth in 1992 , seven years too early .",8,3,5
sent_0186,"On October 14 , 2012 , Sidney Rice caught the game winning touchdown from a 46-yard pass from Russell Wilson to beat the",8,4,4
sent_0187,"Thus , any event that would minimize such a surface is entropically favored .",1,0,1
sent_0188,The theatrical flourishes and unique gimmicks she used in her stage show went beyond established burlesque routines like,10,1,9
sent_0189,Latchford viaduct was opened on 8 July 1893 to carry the London and North Western Railway 's Stockport to Warrington lin,2,2,0
sent_0190,At the end of 2008 the Uzbek-Italian Joint Venture Roison-Candy was established by the Uzbek Limited Liability Company R,4,1,3
sent_0191,The weapons do not influence the other racers at all .,2,1,1
sent_0192,"Excluding the special editions , the 2004-2005 Ram SRT-10 came in three colors : Brilliant Black Crystal Pearl Coat , Br",5,5,0
sent_0193,"On 15 January 1999 , Senchuk was appointed as governor of the Lviv region ; for some time he combined two posts .",4,3,1
sent_0194,The school was founded in 1851 as the German-English Academy by a group of Milwaukee German Americans that included educ,8,2,6
sent_0195,Sligo town then became an incorporated municipal borough with a Royal Charter issued by the British King James I in 1613,5,2,3
sent_0196,"Greek and Roman pagans , who saw their relations with the gods in political and social terms , scorned the man who const",9,7,2
sent_0197,The neighborhood comprises an older industrial and residential harbor front area along the Kill Van Kull west of St. Geo,4,3,1
sent_0198,The department came under grant-in-aid scheme of Government of Karnataka in 1992 .,1,1,0
sent_0199,The cockpit was protected from the engine by a firewall ahead of the wing center section where the fuel tanks were locat,3,2,1
sent_0200,"In his 2010 book `` At Home '' , author Bill Bryson suggests Siddal may have suffered from poisoning , because she was a",6,4,2
sent_0201,In 2004 it was expected that redevelopment work in the remaining subway would probably obliterate what remains exist .,3,1,2
sent_0202,The Shi'a praise Muhammad ibn Abu Bakr for his devotion to ` Ali and his resistance to all the other caliphs who the Shi,3,1,2
sent_0203,"The two companies are teaming up again for the Future Vertical Lift prototype called SB-1 Defiant , where employees from",7,2,5
sent_0204,"Also buried at Three Rivers cemetery are his first wife , Blanche , several members of the Blick family who had also pio",6,3,3
sent_0205,This is usually caused by interacting inductive and capacitive elements in the oscillator .,1,0,1
sent_0206,"The final panel of the series shows her with a mask similar to Madame Masque , angrily refusing to see Spider-Man since ",2,2,0
sent_0207,"He had been at the Battle of the Granicus River , and had believed that Memnon 's scorched Earth strategy would work her",3,2,1
sent_0208,A very early form of vaccination known as variolation was developed several thousand years ago in China .,8,2,6
sent_0209,Hoechst 33342 exhibits a 10 fold greater cell-permeability than H 33258 .,1,1,0
sent_0210,"This releases some of the water molecules into the bulk of the water , leading to an increase in entropy .",2,2,0
sent_0211,"The Bears would have to wait until 2000 to play another international , when they played France in the lead-up to the 20",4,3,1
sent_0212,"Historical buildings and monuments in Meaux are mainly located in the old city , inside the old defensive walls , still ",6,3,3
sent_0213,This `` 1-in-200 year event '' flooded major intersections and underpasses and damaged both residential and commercial p,4,4,0
sent_0214,"At this point , the player confronts a boss , who is usually considerably larger and tougher than regular enemies .",3,1,2
sent_0215,"Arminius , leader of the Cherusci and allies , now had a free hand .",2,1,1
sent_0216,"In 2005 , Kesey 's son Zane asked a friend , Matthew Rick , also known as Shady Backflash , to put on a 40th anniversary",5,2,3
sent_0217,He further stated that Hauptmann looked different and that `` John '' was actually dead because he had been murdered by ,4,1,3
sent_0218,"In April 2014 , Zane , along with friend Derek Stevens , announced a Kickstarter to fund a 50th anniversary Furthur Bus ",6,2,4
sent_0219,"It includes thirty-two elementary schools , nine middle schools , ten high schools and one charter school .",8,4,4
sent_0220,Millais painted daily into the winter putting lamps under the tub to warm the water .,2,1,1
sent_0221,"Crime Master slashes her when he finds out about this , but before passing out , she alerts the FBI that he is in league",3,2,1
sent_0222,He was separated from his family as a young boy during the Cuban Revolution when he was sent to the United States to liv,11,1,10
sent_0223,"During the language shift , however , the receding language A still influences language B .",1,1,0
sent_0224,"In 1918 , the municipality was renamed Jones in honor of American congressman William Jones , who authored the Philippin",8,5,3
sent_0225,"The Tsar chose to accept the draft authored by Peter Kharitonov , Deputy State Secretary of the State Chancellory , as t",9,3,6
sent_0226,"In 1862 , Henry Letheby obtained a partly conductive material by anodic oxidation of aniline in sulfuric acid .",5,1,4
sent_0227,"The Crybaby is the twelfth album by Melvins , released in 2000 through Ipecac Recordings , and the last part of a trilog",6,2,4
sent_0228,Australian Amber Wing was the first woman to land a ts fs wake to wake 900 .,3,1,2
sent_0229,"The Prahran and Malvern Tramways Trust opened a line from Alcand Street , St Kilda to Hawthorn Road , Caulfield North al",2,1,1
sent_0230,"The doctor , Erasistratus , suspects love is behind Antiochus 's suffering .",2,1,1
sent_0231,"During the celebrations of his Silver Jubilee in November 1955 , Haile Selassie introduced a revised constitution , wher",5,2,3
sent_0232,"As a result , environmental factors are also understood to contribute heavily to the strength of intimate relationships ",2,2,0
sent_0233,"In line this with , Edwards 's early years , as seen in Comico 's graphic novel , were re-imagined in the comic book min",5,3,2
sent_0234,"The body was made largely of lightweight carbon fiber and Kevlar , known for its strength , and lightness .",5,3,2
sent_0235,"The Nazis did however permit a single dress rehearsal in Salzburg , conducted by Clemens Krauss on 16 August , in order ",9,6,3
sent_0236,"Byers does not oppose the concept of global citizenship , however he criticizes potential implications of the term depen",1,0,1
sent_0237,"Each of the programs uses a combination of funding priorities and geographic requirements to select grants , described o",5,2,3
sent_0238,"Local football team Ammanford A.F.C. play in the Welsh Football League Second Division , while rugby union team Ammanfor",4,3,1
sent_0239,He was also able to more easily control his animal instincts after this second mutation .,4,2,2
sent_0240,"A year later , he was appointed Attorney-General for Ireland and on this occasion was sworn of the Privy Council of Irel",6,4,2
sent_0241,"It hosts the `` Zomercarnaval '' , the second largest Caribbean carnival in Europe , originally called the Antillean car",3,2,1
sent_0242,Hence it can be represented by the integer notation .,1,1,0
sent_0243,"In 1891 , the academy moved to the German-English Academy Building in downtown Milwaukee .",3,1,2
sent_0244,"In England , emphasis was placed on the orientation of the chapels to the east .",1,1,0
sent_0245,On one occasion the lamps went out and the water became icy cold .,3,2,1
sent_0246,"He probably saw active service as a soldier for the Scottish forces in The Netherlands in the later 1570s , although the",2,1,1
sent_0247,The 2005 model introduced a third row of seats to the Pathfinder line for the first time .,3,2,1
sent_0248,"US 258 and the two state highways cross the Tar River on the freeway , then exit US 64 onto Mutual Boulevard at a partia",0,0,0
sent_0249,"A large gravestone was erected in 1866 , over 100 years after his death .",4,2,2
sent_0250,"Charles had concerns about being able to declare his belief in all the dogmas of the Church of England , so as well as h",5,3,2
sent_0251,"The use of high ranking , anonymous sources has caused numerous scandals for the Bush Administration , most notably the ",5,0,5
sent_0252,"It deals with cases of fraud in relation to direct taxes and indirect taxes , tax credits , drug smuggling , and money l",1,1,0
sent_0253,The Commissioner of Parks and Public Property heads one of the departments in those local governments in New Jersey that,3,3,0
sent_0254,"In England and Wales , as an `` attempt '' , attempted murder is an offence under section 1 of the Criminal Attempts Act",9,1,8
sent_0255,"Moreover , some sponsors pulled their advertising off XM in protest of the suspension .",5,3,2
sent_0256,"He is also known for his `` Aramata Collection '' , a private library housing thousands of rare books from the 18th and ",2,1,1
sent_0257,"For example , when two such hydrophobic particles come very close , the clathrate-like baskets surrounding them merge .",3,2,1
sent_0258,"Dr. Jagan himself was personally involved in the organization of the strike , and helped to raise funds across the count",6,3,3
sent_0259,"Historically , the division has been a rural seat and fairly safe for the National Party , which held it for all but six",15,3,12
sent_0260,"After leaving , he tried to find acting jobs and worked as an Elvis impersonator for a short time .",4,2,2
sent_0261,"Frowin founded the Benedictine monastery of New Engleberg at Conception , which was erected into an abbey in 1881 .",2,2,0
sent_0262,"The northern terminus of this section is at Senai Airport Interchange near Senai Airport , while it shares the same Kilo",3,2,1
sent_0263,He was appointed Commander of the Order of the British Empire in the 1948 Queen 's Birthday Honours and was knighted in ,3,2,1
sent_0264,In 2004 the Oxford English University Press included Makaton as a common usage word in the Oxford English Dictionary .,3,1,2
sent_0265,"He and his friends were said to have made bombs for fun on the outskirts of Murray , Utah .",2,1,1
sent_0266,"Montgomery Blair 's Science , Math , and Technology Academy specializes in : Life Science , Physical Science , Engineeri",6,5,1
sent_0267,It is necessary to climb embankments to cross some roads where former bridges have been filled in .,5,0,5
sent_0268,Butters Drive in the Canberra suburb of Phillip is named in his honour .,0,0,0
sent_0269,"Afterward he has joined Emma Frost 's Academy of Tomorrow , a school for gifted beings .",10,3,7
sent_0270,After this she became very ill with a severe cold or pneumonia .,2,1,1
sent_0271,"However , the term cob , defined as a short-legged , stout horse , is a body type rather than a breed .",3,2,1
sent_0272,"As she reads the articles , she also makes veiled references and innuendo relating to the slang use of `` beaver '' .",3,2,1
sent_0273,The origin of the Missionaries of the Sacred Heart is closely connected with the definition of the dogma of the Immacula,4,2,2
sent_0274,"Spielberger was formerly Chairman of the Psychology Department at the University of South Florida in Tampa , Florida and",2,1,1
sent_0275,"Hiester was born in Montgomery County , Pennsylvania on July 17 , 1749 , the son of German immigrants Daniel and Catheri",3,2,1
sent_0276,"He chose a path of confrontation , of conflict .",3,2,1
sent_0277,"The Aura spacecraft has a mass of about 1,765 kg .",2,2,0
sent_0278,"A dam on the creek has created a lake covering for fishing , boating , and swimming .",1,1,0
sent_0279,"The railways were separate , the S&D being administered by the Midland Railway and the London and South Western Railway ",4,4,0
sent_0280,X is revealed to be the leader of Neo Arcadia and Zero confronts X in battle .,4,3,1
sent_0281,"In 1577 , she unsuccessfully proposed to the city council that it should establish a home for poor women , of which she ",4,2,2
sent_0282,DePauw University awarded the degree `` Doctor of Divinity '' in 1892 .,5,1,4
sent_0283,"Unlike Fast Gun clubs , Big Gun clubs operate based upon a loose confederation , with each club reserving the ability to",5,3,2
sent_0284,"Standing in contrast to Descartes 's scientific reductionism and philosophical analysis , it proposes to view systems in",5,3,2
sent_0285,"The majority of the population of Leigh were born in England ; 2.10 % were born elsewhere within the United Kingdom , 0.",5,3,2
sent_0286,"But ex-slaves were able to own property outright , and their children were free of all constraint .",4,1,3
sent_0287,"At Vitoria and in Wellington 's invasion of southern France , Hill corps usually consisted of William Stewart 's 2nd Div",4,3,1
sent_0288,"When New Tomorrowland opened in 1967 , the space that this ride occupied was turned into the Tomorrowland Stage .",3,3,0
sent_0289,"There are 109 individuals who belong to another church , and 20 individuals did not answer the question .",2,1,1
sent_0290,"Hofmann was born in Salt Lake City , Utah .",2,2,0
sent_0291,"Voorhees approved a plan in 2010 for an $ 850,000 artificial turf field to be completed by 2011 .",5,3,2
sent_0292,All officers are additionally equipped with less-lethal weapons for use against threats that do not justify a firearms r,0,0,0
sent_0293,"Soon afterwards , Davis switched to the major Columbia record label and recorded seven albums over the next five years w",5,5,0
sent_0294,Several years later the remaining trackage at Charles City was abandoned .,2,1,1
sent_0295,They remained together into their elderly ages for more than 40 years only to marry in 2000 .,3,3,0
sent_0296,"This often results in unexpected deaths , either directly or from stress-induced illness .",3,2,1
sent_0297,The Anti-Monitor began to siphon the positive matter of New York City to create his Antimatter waves .,2,2,0
sent_0298,He became the first code-crosser to play test rugby league for Australia a second time after returning from rugby union ,5,2,3
sent_0299,"The car was based around a Rodeck resleevable , modified Chevrolet 350 ci V8 racing engine coupled to a custom three-spe",5,2,3
sent_0300,The Harford County Public Schools system is the public school system serving the residents of Harford County .,2,1,1
sent_0301,"This work introduced the - fstack-protector flag , which protects only some vulnerable functions , and the - fstack-prot",0,0,0
sent_0302,"In general , the rivalries between all the clubs were friendly , and families were known to switch affiliations dependin",9,5,4
sent_0303,Regulations meant that the original sixth lap would be deleted and the race would be restarted from the beginning of sai,3,0,3
sent_0304,"In the summer , the lodge also houses the Trail Crew , a crew of Dartmouth Outing Club students who help maintain the se",3,2,1
sent_0305,"In Taiwan , the locals speak a version of the Minnan language which is called Taiwanese .",1,1,0
sent_0306,The European powers first gained a foothold in Somalia through the signing of various pacts and agreements with the Soma,6,6,0
sent_0307,Each of these people influenced her development as a person .,3,1,2
sent_0308,"A second factor is resource dependence ; there must be a perceptible threat of resource depletion , and it must be diffi",0,0,0
sent_0309,"Ed drives the creature into the airlock , with the intention of venting it into space .",1,1,0
sent_0310,"In 1970 , Arad moved to the United States and enrolled at Hofstra University to study industrial management .",2,2,0
sent_0311,"Undercover cop Muscles enlists his childhood friends , the `` Five Lucky Stars '' , to travel to Japan to help him catch",4,0,4
sent_0312,They do n't possess eyelids so they must lick their eyeballs clean in order to keep them moist .,5,2,3
sent_0313,"In particular , her grandmother required high standards of behavior from Florence , referring to the family as descendan",2,1,1
sent_0314,"Following the decision to withdraw tram services in London and replace them with buses , the station closed just after 1",2,1,1
sent_0315,"The number of ones equals the number of zeros plus one , since the state containing only zeros can not occur .",2,1,1
sent_0316,"Along with these , there were also commissioners sent to the army , in charge of provisioning the army , policing and fi",11,10,1
sent_0317,The main reason for this adoption over mainline gimp was its support for high bit depths which can be required for film ,2,2,0
sent_0318,"This manual for warriors describes the necessity for understanding an opponent 's weaknesses , for using spies , and for",9,5,4
sent_0319,"Consistent with systems philosophy , systems thinking concerns an understanding of a system by examining the linkages an",3,1,2
sent_0320,"Prior to the war , he was a lawyer , public official , and politician in Hillsborough , North Carolina , and was heavily",6,1,5
sent_0321,"At first , she seems happy with this arrangement .",3,1,2
sent_0322,"Their purpose is to be fair to both parties , disallowing the raising of allegations without a basis in provable fact .",1,1,0
sent_0323,"After a break of four years , he became a Lord Justice of Appeal .",2,2,0
sent_0324,It was only incidentally that economic issues appeared in nationalist political forms .,2,1,1
sent_0325,Other people that can be classified using this title include the Vice President and Cabinet secretaries .,3,3,0
sent_0326,"In 2010 , popular internet reviewers RedLetterMedia delivered a scathing video critique of the film , drawing negative c",3,1,2
sent_0327,"Wild radish seeds contain up to 48 % oil content , and while not suitable for human consumption , this oil is a potentia",1,1,0
sent_0328,"Korean villagers hiding resistance fighters were dealt with harshly , often with summary execution , rape , forced labou",9,1,8
sent_0329,This led morning show host Ryan Cameron to lobby for a frequency change for WHTA by putting together a petition from lis,4,2,2
sent_0330,The Library Board is charged with reviewing the strategic plans of the Harvard Library and assessing its progress in mee,2,2,0
sent_0331,The exhibit premiered at the Helmut Newton Foundation in Berlin and combined the work of all three with personal snapsho,5,4,1
sent_0332,"The Lletty Shenkin explosion of 1849 , in particular , led to demands the local middle classes in Aberdare , for improve",1,1,0
sent_0333,On 1 July 1955 he was made an Officer of the Order of St John .,5,3,2
sent_0334,Ballast tanks are equipped to change a ship 's trim and modify its stability .,3,2,1
sent_0335,"While the infantry based part of the doctrine demanded `` powerful tanks '' and `` tankettes '' , the shock Army demande",1,1,0
sent_0336,Many young South African artists made their debut on LM Radio through the numerous road shows which toured the country .,17,1,16
sent_0337,Lugo and Lozano were released in 1993 and continue to reside in Venezuela .,1,1,0
sent_0338,In the post - `` Gregg '' era Texas has executed over four times more inmates than Virginia and nearly 37 times more inm,3,3,0
sent_0339,High Court judges are therefore referred to as the Honourable Mr/Mrs Justice Smith .,3,2,1
sent_0340,Alexander supposedly said after this incident that he had never been so lucky in his entire career .,2,1,1
sent_0341,"In 1984 , KOMO became the first television station to broadcast daily programming in full stereo sound .",8,4,4
sent_0342,"Joining another fast and mobile carrier task force , `` Hazelwood '' sortied 11 February to protect carriers as they lau",4,1,3
sent_0343,"The city 's population boomed , 5 boroughs were formed , the New York City Subway was opened and became a symbol of prog",3,3,0
sent_0344,Pursuit of the routed enemy to the French border was halted on 2 May upon the German surrender in Italy .,2,1,1
sent_0345,"They believe in God as a single entity , not as the Trinity accepted by the vast majority of Christians .",5,2,3
sent_0346,"Baako 's grandmother Naana , a blind-seer , stands in living contact with the ancestors .",5,1,4
sent_0347,"It was a notable influence on John Buchan and Ken Follett , who described it as `` an open-air adventure thriller about ",4,3,1
sent_0348,"All three had been photography students at The Art Center College of Design in Pasadena , California in 1979 when they b",7,1,6
sent_0349,"Vaccinations against other viral diseases followed , including the successful rabies vaccination by Louis Pasteur in 188",5,2,3
sent_0350,"The oilseed radish grows well in cool climates and , apart from its industrial use , can be used as a cover crop , grown",8,7,1
sent_0351,"In 1840 , he was appointed to command his regiment , a post he held for nearly fourteen years .",8,2,6
sent_0352,"During the latter , Springsteen mentioned he did plan to work with the E Street Band again in the future , but was vague",5,1,4
sent_0353,He left that post to become the second commander of the U.S. Army 's 1st Armored Division .,4,2,2
sent_0354,The town and surrounding villages were hit by two moderate earthquakes within ten years .,6,1,5
sent_0355,"He played 37 times , mainly at right-back , in the 1987-88 season , and scored nine goals - excellent for a player who m",6,3,3
sent_0356,"They held the first Triangle workshop in 1982 for thirty sculptors and painters from the US , the UK and Canada at Pine ",11,5,6
sent_0357,During the 1730s Britain 's relationship with Spain had slowly declined .,2,0,2
sent_0358,KFI helped to keep the calm during the dark days of World War II by airing President Franklin D. Roosevelt 's `` Firesid,2,0,2
sent_0359,Human behavioral ecologists assume that what might be the most adaptive strategy in one environment might not be the mos,4,1,3
sent_0360,"`` My Classical Way '' was released on 21 September 2010 on Marc 's own label , Frazzy Frog Music .",4,1,3
sent_0361,The film uses some computer-generated graphics : The northern lights in the scene where Inge walks through the fields to,2,2,0
sent_0362,"Adnan Latif was in a car accident in 1994 , during which he suffered significant head injuries , which left him with on-",3,3,0
sent_0363,"He accused Maroboduus of hiding in the Hercynian Forest while the other Germans fought for freedom , and accused Marobod",9,2,7
sent_0364,These are known as Porter 's three generic strategies and can be applied to any size or form of business .,2,2,0
sent_0365,"A series of councils were held in 657 , 669 , 846 , 850 , 852 , 853 , 862 , 980 , 986 , 996 , 1048 , 1071 and 1080 .",12,12,0
sent_0366,"Thus , acquisition of quantitative heavy-element spectra can be time-consuming , taking tens of minutes to hours .",6,1,5
sent_0367,"The show was designed to appear as if the viewer was channel surfing through a multi-channel wasteland , happening upon ",4,2,2
sent_0368,Test & official start of the TVN24 HD started on 30 November 2012 .,4,3,1
sent_0369,He served as the first Prime Minister of Australia and became a founding justice of the High Court of Australia .,5,3,2
sent_0370,"The lead single that holds the same name , is a soft melodic song that differs from Tiger JK 's past releases .",3,2,1
sent_0371,"In 1962 , Salahuddin won from Patharghatti assembly seat as an Independent candidate and later from Charminar constituen",7,3,4
sent_0372,"Graner handcuffed him to the bars of a cell window and left him there , feet dangling off the floor , for nearly five ho",11,2,9
sent_0373,Childers 's biographer Andrew Boyle noted : `` For the next ten years Childers 's book remained the most powerful contri,8,5,3
sent_0374,"Like most incarnations , Felicia has a relationship with Spider-Man Noir .",3,3,0
sent_0375,"Plant communities include creosote and sagebrush at lower altitudes , and bristlecone pine forests at higher .",5,5,0
sent_0376,Tom McMorran joined the band in 1994 after Mark Portmann left and in August of that year the band released `` Sahara '' ,6,4,2
sent_0377,"Although in Flanders , the Flemish Region assigned all of its powers to the Flemish Community , the Walloon Region remai",5,2,3
sent_0378,Autostereoscopy is any method of displaying stereoscopic images without the use of special headgear or glasses on the pa,2,1,1
sent_0379,The Chapters of Bremen Cathedral and part of the administration were located within the city boundary in a district of i,7,5,2
sent_0380,The championship was at the Pinehurst Resort where Stewart won his last major championship only a few months before his ,3,1,2
sent_0381,"Necro became a regular member of the PWG roster through the majority of 2008 , teaming with Chris Hero to defend the hon",2,2,0
sent_0382,"They have a large range of possible power supplies , and can be 380V , 1000V , or even higher .",4,4,0
sent_0383,"He played for the Kangaroos in all four matches , including the final , scoring one try .",4,2,2
sent_0384,"There were 22.2 % of families and 23.8 % of the population living below the poverty line , including 15.8 % of under eig",4,3,1
sent_0385,One major difference between the two models is that the Photographic Model follows more of a step-by-step process in the,2,1,1
sent_0386,The Cathedral and the belfry were thoroughly renovated from 2006 to 2008 .,7,3,4
sent_0387,"Darwin came into residence in Cambridge on 26 January 1828 , and matriculated at the University 's Senate House on 26 Fe",5,2,3
sent_0388,"It was united with the Clitheroe Rural District , as part of the Ribble Valley district in the non-metropolitan county o",4,3,1
sent_0389,"One of the prisoners , Kasim Mehaddi Hilas , said that one day he asked Graner for the time so that he could pray .",15,2,13
sent_0390,"Back at the hotel , Taylor went ahead of Lemmy and told him `` Eddie 's left the band '' .",5,3,2
sent_0391,Ed tries to explain what happened to a skeptical Pete .,2,0,2
sent_0392,32.7 % of all households were made up of individuals and 15.7 % had someone living alone who was 65 years of age or olde,3,1,2
sent_0393,A CEN forms an important but small part of a Local Strategic Partnership .,4,0,4
sent_0394,"A Democrat , he became the youngest mayor in Pittsburgh 's history in September 2006 at the age of 26 .",6,2,4
sent_0395,"A cafeteria is also located on the sixth floor , a chapel on the 14th floor , and a study hall on the 15th floor .",3,3,0
sent_0396,"A common name , logo , and programming schedule followed in 1982 , with the establishment of the `` TV8 '' network betwe",4,1,3
sent_0397,A cooling center is a temporary air-conditioned public space set up by local authorities to deal with the health effects,5,2,3
sent_0398,"A manifold is `` prime '' if it can not be presented as a connected sum of more than one manifold , none of which is the",4,2,2
sent_0399,"A mid-March 2002 court order to stop printing for three months , was evaded by printing under other titles , such as `` ",4,2,2
sent_0400,"A motorcycle speedway long-track meeting , one of the few held in the UK , was staged at Ammanford .",3,2,1
sent_0401,A partial list of turbomachinery that may use one or more centrifugal compressors within the machine are listed here .,5,3,2
sent_0402,"A short distance to the east , NC 111 diverges on Greenwood Boulevard .",1,1,0
sent_0403,"A spectrum from a single FID has a low signal-to-noise ratio , but fortunately it improves readily with averaging of rep",9,1,8
sent_0404,"According to Samaritan tradition , however , the Samaritan ethnonym is not derived from the region of Samaria , but from",1,1,0
sent_0405,"According to the 2010 census , the population of the town is 2,310 .",2,2,0
sent_0406,"According to the indictment , Gonzalez is accused of defrauding the West Bronx Neighborhood Association Inc. , a not-for",1,1,0
sent_0407,After 1895 cable hauling ceased and locomotives pulled trains the whole length of the Victoria and Waterloo tunnels .,4,3,1
sent_0408,"After five years of searching , the Colonials found a primitive , lush and vibrant new world and named it Earth .",5,1,4
sent_0409,"After leaving `` Hex '' , Cole went on to appear as Blanche Ingram in the critically acclaimed `` Jane Eyre '' TV serial",2,1,1
sent_0410,"After the battle , Battra rested in the Arctic Ocean , whereas Mothra retired to Infant Island , accompanied by the two ",4,3,1
sent_0411,After this point many of the republicans were arrested in Free State `` round ups '' when they had come out of hiding an,3,1,2
sent_0412,"Although Knievel broke his arms , he was more distraught over a permanent injury his accident caused to the cameraman .",4,1,3
sent_0413,"Although under constant attack from kamikazes as well as fighters and dive-bombers , `` Hazelwood '' came through the in",2,2,0
sent_0414,An animal that cares for its young but shows no other sociality traits is said to be `` subsocial '' .,2,1,1
sent_0415,An original limited artist edition of 250 was published in 1989 and was an oversized fine press slip-cased book with sta,6,1,5
sent_0416,And ABS has formed a partnership with Habitat for Humanity to give a free Bible to each of its new homeowners in the Uni,6,3,3
sent_0417,And he was in Ali 's army in the Battle of Jamal and later it was Muhammad ibn Abu Bakr who escorted Aisha back to Madin,7,2,5
sent_0418,"Andrea Bianco 's atlas of 1436 comprises ten leaves of vellum , measuring , in an 18th-century binding .",3,3,0
sent_0419,"Apartment buildings , shops , medical clinics , cinemas etc. were built in close proximity to the MAZ plant , providing ",3,3,0
sent_0420,Applications can use this service to record activity for a production system while implementations of other OSIDs can us,8,3,5
sent_0421,Applying this technique facilitates the connection of the center of the foot with the lower abdomen .,4,1,3
sent_0422,"As Attorney General he clashed with Daniel O'Connell when he insisted , against O'Connell 's wishes , on the appointment",4,3,1
sent_0423,"As a group , the team was enshrined into the Basketball Hall of Fame in 1959 .",6,2,4
sent_0424,"As a result , it becomes clear that the microbe can not survive outside a narrow pH range .",2,1,1
sent_0425,"As a result , the lower river had to be dredged three times in two years .",2,1,1
sent_0426,"As early as the 15th century , the French kings sent commissioners to the provinces to inspect on royal and administrati",5,2,3
sent_0427,"As in his first novel , Armah contrasts the two worlds of materialism and moral values , corruption and dreams , two wor",1,1,0
sent_0428,"As is true for all sensors , absolute accuracy of a measurement requires a functionality for calibration .",3,1,2
sent_0429,"As of `` A Wind in the Door '' , Sandy aspires to become a banker , on the grounds that it is practical and lucrative .",2,1,1
sent_0430,"As part of several efforts to have the Gypsy Horse recognized as a breed outside the Romanichal community , a more descr",5,1,4
sent_0431,"Assisting in the recording process were Fernando Cabello and two friends of the group , Eva Dalda and Lydia Iovanne .",3,3,0
sent_0432,"At a presentation in the Toronto Pearson International Airport hangar , Celine Dion helped the newly solvent airline deb",2,1,1
sent_0433,"At least 11 villagers disappeared and 8 people were killed in the ensuing tsunami , two of which are prisoners at one of",4,1,3
sent_0434,"At no cost to the parents , these services are provided in compliance with state and federal law ; and are reasonably ca",3,2,1
sent_0435,"At one point , Ballard is nearly possessed , but resists when she is given a drug and discovers that the spirits are att",6,6,0
sent_0436,"Barbara , however , unable to leave behind her vigilante life , fought a mugger and ultimately miscarried her child .",1,1,0
sent_0437,"Because Yesler Way marks the boundary between two different plats , the street grid north of Yesler does not line up wit",1,1,0
sent_0438,"Because of Muhammad 's role in its formation , the alliance plays a significant role in Islamic ethics .",5,4,1
sent_0439,"Because of his talents and training , Beast can outperform any Olympic-level athlete , contorting his body and performin",8,4,4
sent_0440,Bruce 's Justice Lord counterpart was happily married to Wonder Woman as well until her Justice Lord counterpart killed ,1,1,0
sent_0441,"Burnham died of heart failure at the age of 86 , on September 1 , 1947 at his home in Santa , Barbara , California .",5,2,3
sent_0442,"But this practice simply reduces government interest costs rather than truly canceling government debt , and can result ",2,2,0
sent_0443,"By then , she was raising not only her own children but also her nephews , who had been orphaned by the plague .",0,0,0
sent_0444,"By this point , Simpson had returned to his mansion in Brentwood and had surrendered to police .",2,2,0
sent_0445,Byers states that global citizenship is a `` powerful term '' because `` people that invoke it do so to provoke and just,9,2,7
sent_0446,"Carl uses the `` old magic '' to tame the Deep Crow , claiming it is not his `` first time to the rodeo . ''",0,0,0
sent_0447,Certain fractional quantum Hall phases appear to have the right properties for building a topological quantum computer .,21,1,20
sent_0448,Chevalier fulfilled his promise the following year by erecting a shrine dedicated to the honour of Mary under the title ,4,4,0
sent_0449,Cis-regulatory elements are sequences that control the transcription of a nearby gene .,6,1,5
sent_0450,Citizens for Responsibility and Ethics in Washington filed an Ethics Committee complaint against Bond over his role in t,4,2,2
sent_0451,"Combined with appropriate match pellets these rifles produce a consistent 10 ring performance , so a non-maximal result ",9,4,5
sent_0452,"Curley was the first classical organist to perform a solo organ recital at the White House , and also played before seve",2,1,1
sent_0453,"DC Comics held a memorial service in Manhattan 's Lower East Side , a neighborhood Eisner often visited in his work , at",7,3,4
sent_0454,"Despite the below-freezing temperatures , Beuerlein was red-hot , out-dueling Brett Favre and connecting on 29 of 42 att",5,3,2
sent_0455,"Dodo was originally intended to have a `` common '' accent , and is portrayed this way at the end of `` The Massacre '' ",4,3,1
sent_0456,"Dr. Pim played for Ireland against England in 1892 , 1893 , 1894 and 1896 .",6,2,4
sent_0457,"Due to the opposing nature of the two songs , they can be viewed as a debate on the opposing attitudes on love found thr",8,4,4
sent_0458,"Due to the transmitter location being based in Tyrone and a smaller signal wattage , it was barely hearable in the north",6,3,3
sent_0459,"During the Second World War , the number of Turkish run cafes increased from 20 in 1939 to 200 in 1945 which created a d",4,3,1
sent_0460,During the morning and evening rush hours some services run direct to/from Paddington and Reading .,3,3,0
sent_0461,"During the off-season the ACT Rugby Union was renamed the ACT and Southern NSW Rugby Union , and the name of the team wa",12,12,0
sent_0462,Each of the Matoran brought their Toa stone and met each other at the Great Temple .,5,3,2
sent_0463,"Each time Cluemaster escapes or starts some new plan , Stephanie dons her costume again .",3,2,1
sent_0464,Erotica and pornography involving sex between women have been predominantly produced by men for a male and female audien,2,2,0
sent_0465,Failure to perform the duty could lead to prosecution at law and re-enslavement .,2,2,0
sent_0466,"Falun Gong 's teachings are compiled from Li 's lectures , and Li holds definitional power in that belief system .",2,2,0
sent_0467,"Fans reacted to the news of the suspension by canceling their XM Radio subscriptions , with some fans even going as far ",1,1,0
sent_0468,"From 1909 to 1912 , the Miami Canal was dug , bypassing the rapids at the head of the North Fork .",2,1,1
sent_0469,"From the start of the first semester of 2010 , the University banned smoking on any of its property , including inside a",12,2,10
sent_0470,"Furthermore , knowledge and interest pertaining to the event , as well as the level of importance , contribute to the fr",0,0,0
sent_0471,Gameplay is very basic ; the player must shoot constantly at a continual stream of enemies in order to reach the end of ,8,2,6
sent_0472,"Gavin Hood is a South African filmmaker , screenwriter , producer and actor , best known for writing and directing the A",4,4,0
sent_0473,"George Bluth Sr. , patriarch of the Bluth family , is the founder and former CEO of the Bluth Company which markets and ",6,6,0
sent_0474,"Godzilla and Battra battled on the ocean floor , until they caused a rift to open between tectonic plates .",4,3,1
sent_0475,"Good 1H NMR spectra can be acquired with 16 repeats , which takes only minutes .",3,3,0
sent_0476,"HTB 's aim is for an Alpha course to be accessible to anyone who would like to attend the course , and in this way HTB s",4,1,3
sent_0477,"Hapoel Lod played in the top division during the 1960s and 1980s , and won the State Cup in 1984 .",4,2,2
sent_0478,"Having been directed to found a monastery of his order in the United States in 1873 , Fr .",1,1,0
sent_0479,Hawker Pacific Aerospace is a MRO-Service company which offers landing gear and hydraulic MRO services for all major air,12,1,11
sent_0480,He also possesses enhanced senses and can track people for great distances over open terrain and his feet are sensitive ,9,4,5
sent_0481,"He also took 124 wickets , with 7 for 39 and 6 for 44 against Sargodha in 1962-63 his best bowling figures .",10,1,9
sent_0482,"He appeared in that game alongside his Arsenal midfield colleague Brian Marwood , who had joined them from Sheffield Wed",6,2,4
sent_0483,"He defines Wild Cards as ` Low Probability , High Impact events that , were they to occur , would severely impact the hu",8,2,6
sent_0484,"He finds himself in a desert as a group of Neo Arcadians surround him , ending the game .",5,2,3
sent_0485,He had spent 11 years in jail despite having been acquitted twice .,5,2,3
sent_0486,"He is idolized , receiving the name of `` God '' .",1,0,1
sent_0487,"He left his old company , V2 records , wanting to expand his career into something bigger .",2,0,2
sent_0488,"He left only a small contingent to guard the defile , and took his entire army to destroy the plain that lay ahead of Al",5,4,1
sent_0489,"He lodged near the hospital at 28 St Thomas 's Street in Southwark , with other medical students , including Henry Steph",7,6,1
sent_0490,He played Perker in the 1985 adaptation of `` The Pickwick Papers '' .,1,1,0
sent_0491,"He represented the riding of Nickel Belt in the Sudbury , Ontario area .",4,3,1
sent_0492,"He talked to McGee about using his name and received permission , which is confirmed by correspondence between McGee and",4,3,1
sent_0493,"He was a member of the European Convention , which drafted the text of the European Constitution that never entered into",1,1,0
sent_0494,He was buried in the Abbey of the Psalms mausoleum at the Hollywood Forever Cemetery .,2,1,1
sent_0495,"He was subsequently reprieved for a month , and then again for a week .",2,1,1
sent_0496,"Her image held aloft signifies the Earth , which `` hangs in the air '' .",2,2,0
sent_0497,"Hilf al-Fudul was a 7th-century alliance created by various Meccans , including the Islamic prophet Muhammad , to establ",4,2,2
sent_0498,"Historically , Aiseau was a village dedicated to agriculture , logging , but also to the industry .",4,3,1
sent_0499,"Hoechst 33342 and 33258 are quenched by Bromodeoxyuridine , which is commonly used to detect dividing cells .",3,2,1
sent_0500,"Hofmann was a below-average high school student , but he had many hobbies including magic , electronics , chemistry , an",6,0,6
sent_0501,"However , after pressure campaigns from various human rights groups , BAE Systems recently stated it no longer produces ",4,1,3
sent_0502,"However , comic relief sidekick `` Mike McGurk '' bears some resemblance to Tracy 's partner from the strip , Pat Patton",9,3,6
sent_0503,"However , during his rehearsal , Knievel lost control of the motorcycle and crashed into a cameraman .",4,3,1
sent_0504,"However , it became far less safe for the Nationals from 1983 onward , and strong population growth over the last three ",3,1,2
sent_0505,"However , when the antigenicities of the seed strains and wild viruses do not match , vaccines fail to protect the vacci",2,1,1
sent_0506,"If given this data , the Germans would be able to adjust their aim and correct any shortfall .",3,2,1
sent_0507,"If the second excitation pulse is sent prematurely before the relaxation is complete , the average magnetization vector ",2,2,0
sent_0508,"In 1005 for example , the governor of the important Adriatic port of Dyrrhachium had surrendered the town to Basil II .",4,1,3
sent_0509,"In 1866 , he began a second term as Lord Chancellor , which ended with his death in the next year .",4,1,3
sent_0510,"In 1911 , with Francis La Flesche , she published `` The Omaha Tribe '' .",4,2,2
sent_0511,"In 1926 , `` The News and Courier '' was bought by the owners of Charleston 's main evening paper , `` The Evening Post ",2,1,1
sent_0512,"In 1954 , a KOMO news photographer discovered a way to develop color film in a new process that took just a few hours in",2,1,1
sent_0513,In 1964 Barrie appeared in two episodes of `` Alfred Hitchcock Presents '' .,1,1,0
sent_0514,"In 1972 , he won from Yakutpura and later in 1978 , again from Charminar .",5,5,0
sent_0515,"In 1972 , researchers found metallic conductivity in the charge-transfer complex TTF-TCNQ .",2,1,1
sent_0516,In 1975 Barrie was directed by Lee Grant in the television movie `` For The Use Of The Hall '' as `` Charlotte '' .,5,3,2
sent_0517,"In 1977 she appeared in two television films , as the mother of Lesley Ann Warren 's character in `` 79 Park Avenue '' a",1,1,0
sent_0518,"In 1987 , Rodan became president of the American Society for Bone and Mineral Research .",3,1,2
sent_0519,"In 1990 Kelsang Gyatso became also outspoken against the Geshe Studies Programme , and `` made the pursuit of his new pr",4,2,2
sent_0520,"In 2004 the Brumbies finished at the top of the Super 12 table , six points clear of the next best team .",4,2,2
sent_0521,"In 2006 they applied for National League Three , finishing in 5th place and qualifying for the play-offs , where they lo",2,2,0
sent_0522,"In 2007 , Sun announced `` Project Indiana '' with several goals , including providing an open source binary distributio",1,1,0
sent_0523,"In 2010 , scam websites co-opted a photograph of her to promote health treatments , the ubiquitous `` 1 weird old tip ''",6,5,1
sent_0524,"In 2011 , major vendors launched several consumer-oriented motherboards using the Intel 6-series LGA 1155 chipset and AM",2,1,1
sent_0525,"In 2012 , Bloomberg Businessweek voted San Francisco as America 's Best City .",3,2,1
sent_0526,"In 54 BC , Marcus Perperna is mentioned as one of the consulars who bore testimony on behalf of Marcus Aemilius Scaurus ",3,2,1
sent_0527,"In Canada , there are two organizations that regulate university and collegiate athletics .",1,1,0
sent_0528,"In French , `` droit '' can mean `` the whole body of the Law '' , as in the motto `` dieu et mon droit , '' which is to",9,5,4
sent_0529,"In Jewish Hebrew , the Samaritans are called `` Shomronim '' , while in Samaritan Hebrew they call themselves `` Shameri",1,0,1
sent_0530,"In Jewish belief , its fulfilment will be revealed in the cumulation of Creation , in the era of resurrection , in the p",6,1,5
sent_0531,"In June , Nasser took control of the interior ministry post from Naguib loyalist Sulayman Hafez , and pressured Naguib t",4,3,1
sent_0532,In October 2009 it was confirmed that the Byrom Street cutting was a hitching and unhitching point for trains being cabl,13,1,12
sent_0533,"In September 1941 , she joined the Women 's Auxiliary Air Force , working at the Department of the Chief of Air Staff as",5,3,2
sent_0534,"In Van Howe 's study , all cases of meatal stenosis were among circumcised boys .",1,0,1
sent_0535,"In `` The Andromeda Strain '' , Michael Crichton 's first novel published under his real name , only two people exposed ",5,0,5
sent_0536,"In a news post , Holkins stated that he reserved the right to bring Carl back any time Krahulik goes to France .",4,1,3
sent_0537,"In a typical case of substrate interference , a Language A occupies a given territory and another Language B arrives in ",4,1,3
sent_0538,"In addition , as John Cecil Masterman , chairman of the Twenty Committee , commented , `` If , for example , St Paul 's ",2,1,1
sent_0539,"In athletics , Boston College left the Big East Conference and joined the Atlantic Coast Conference on July 1 , 2005 .",5,3,2
sent_0540,In both cases this specialized function replaces the basic rifleman position in the fireteam .,2,1,1
sent_0541,"In its first six months , RCPO concluded 858 cases convictions in 88 % of cases .",5,2,3
sent_0542,"In modern classifications , it is often treated as a subfamily of the Glyphipterigidae family .",3,1,2
sent_0543,"In more recent years , this policy has apparently relaxed somewhat .",3,0,3
sent_0544,"In order to support planned TRAX expansion , UTA ordered 77 Siemens S70 light rail vehicles from Siemens AG .",2,2,0
sent_0545,"In particular , Cyprinidae of southwestern North America have been severely affected ; a considerable number went entire",2,2,0
sent_0546,"In the 1901 election , after which the Oppositionists under George Leake were able to form a minority government , Frank",4,3,1
sent_0547,In the 1960s and 70s most of Kabul 's economy depended on tourism .,4,4,0
sent_0548,"In the 1986 television series `` War and Remembrance '' , Johns took the role of the senior Nazi SS officer Adolf Eichma",4,2,2
sent_0549,"In the Civil War , he advocated strong prosecution of the Union War effort , the end of slavery , and civil rights for f",15,6,9
sent_0550,"In the Crimean War , the 5th Dragoon Guards formed part of the Heavy Cavalry Brigade and was sent to the Black Sea in 18",3,2,1
sent_0551,In the early 19th century the Welsh Methodists broke away from the Anglican church and established their own denominatio,3,2,1
sent_0552,"In the north and east inhabitants speak Bumthangkha , and in the extreme southeast Khengkha is spoken .",5,3,2
sent_0553,"In the winter of 1976 , Knievel was scheduled for a major jump in Chicago , Illinois .",3,1,2
sent_0554,In this explanation the purpose of Creation is that `` God desired a dwelling place in the lower realms '' - it is man w,4,2,2
sent_0555,"In those years , he began to collaborate with some newspapers .",2,1,1
sent_0556,"Initially flying the A-4B Skyhawk , the squadron later transitioned to the A-4L Skyhawk .",1,1,0
sent_0557,Initially his chances of surviving were thought to be no better than 50-50 .,2,2,0
sent_0558,"It has long hind legs and a long , slender , scaly tail that it uses to communicate by making drumming noises .",5,2,3
sent_0559,"It is essentially the same as the dialect spoken in Xiamen , and is unintelligible with Standard Chinese .",3,2,1
sent_0560,"It is not really passable , and must be done on foot if attempted .",2,2,0
sent_0561,It is part of the Surrey Hills Area of Outstanding Beauty and situated on the Green Sand Way .,2,2,0
sent_0562,It should be noted that these numbers are inclusive of any of the childminders own children .,1,0,1
sent_0563,It was chosen in 1901 because it was a triangulation station at the junction of the trancontinental triangulation arc of,9,0,9
sent_0564,"It was named for Gen. Eleazer Wheelock Ripley , an officer in the War of 1812 , who was mainly remembered for the Battle",5,2,3
sent_0565,"It was originally aimed at mature entrants to the teaching profession , who could not afford to give up work and underta",5,2,3
sent_0566,"Its cultivation even declined in favour of the Asian species , which was introduced to East Africa early in the common e",3,2,1
sent_0567,JAL introduced jet service on the Fukuoka-Tokyo route in 1961 .,5,2,3
sent_0568,James Arthur Hogue is a US impostor who most famously entered Princeton University by posing as a self-taught orphan .,2,1,1
sent_0569,"John Stewart and Guy Gardner brought down New Warworld and the Yellow Central Power Battery , which were detonated next ",2,2,0
sent_0570,"Johns also appeared as an Imperial Officer in the 1980 `` Star Wars sequel '' , `` The Empire Strikes Back '' .",7,3,4
sent_0571,Keats 's long and expensive medical training with Hammond and at Guy 's Hospital led his family to assume he would pursu,3,1,2
sent_0572,Keibler then asked for time off to appear on `` Dancing with the Stars '' .,3,2,1
sent_0573,"Kim graduated from Ballard High School in Louisville , Kentucky , in 1989 and from Oberlin College in Ohio in 1993 where",5,4,1
sent_0574,"Kostabi 's other releases include : `` Songs For Sumera '' , `` New Alliance '' and `` The Spectre Of Modernism '' .",0,0,0
sent_0575,Langford kept Walcott at a distance with his longer reach and used his footwork to evade all of Walcott 's attacks .,3,3,0
sent_0576,Language B then begins to supplant language A : the speakers of Language A abandon their own language in favor of the ot,7,4,3
sent_0577,"Lemmy believes that if Will Reid Dick had not been there , they could have worked through the problems , but ended up ex",0,0,0
sent_0578,Lens subluxation is also seen in dogs and is characterized by a partial displacement of the lens .,2,2,0
sent_0579,"Li Hongzhi began his public teachings of Falun Gong on 13 May 1992 in Changchun , and subsequently gave lectures and tau",8,3,5
sent_0580,"Like other BBC content of the mid-1990s , it often lampooned the low-budget quality of satellite television available in",4,2,2
sent_0581,Luke Robert Ravenstahl is an American politician who served as the 59th Mayor of Pittsburgh from 2006 until 2014 .,5,1,4
sent_0582,"Males had a median income of $ 28,750 versus $ 16,250 for females .",4,0,4
sent_0583,"Males had a median income of $ 36,016 versus $ 32,679 for females .",4,0,4
sent_0584,"Many are surgically removed for aesthetics and relief of psychosocial burden , but larger ones are also excised for prev",7,3,4
sent_0585,"Many overseas Chinese whose ancestors came from the Quanzhou area , especially those in Southeast Asia , often speak mai",8,3,5
sent_0586,"Meanwhile , the Mason City Division continued to operate as usual .",0,0,0
sent_0587,"Models , taking into account the size and room number of the barrack blocks in the Gorgan Wall forts and likely occupati",12,7,5
sent_0588,"Modern educational methods were more widely spread throughout the Empire , and the country embarked on a development sch",6,4,2
sent_0589,Modernity has been blended without sacrificing on the traditional Buddhist ethos .,0,0,0
sent_0590,Modification of the river began in earnest with the arrival of the Florida East Coast Railway in Miami in 1896 .,1,1,0
sent_0591,"Moore briefly dropped Marciano in the second round , but Marciano recovered and knocked Moore down five times , knocking",3,3,0
sent_0592,Much of the station remains in the disused subway but there is no public access .,0,0,0
sent_0593,"Newhan split the season between Triple-A Round Rock , where he hit .308 .",2,1,1
sent_0594,No announcement from UTV was made about the decision to close the station earlier than planned .,1,0,1
sent_0595,Noatak has a gravel public airstrip and is primarily reached by air .,2,1,1
sent_0596,Not everyone completely trusted Vakama 's vision - Matau was particularly frustrated at following what he considered the,4,3,1
sent_0597,"Nothing is known for certain about his life before about 1580 , but contemporary or near-contemporary accounts suggest t",5,3,2
sent_0598,"Obviously the epilogue was not an afterthought supplied too late for the English edition , for it is referred to in `` T",2,1,1
sent_0599,"Of the rest of the population , there was 1 individual who belonged to the Christian Catholic faith .",0,0,0
sent_0600,"On 16 June 1944 , British double agent `` Garbo '' was requested by his German controllers to give information on the si",23,4,19
sent_0601,"On May 13 , 2010 , Yost was named manager of the Kansas City Royals , replacing Trey Hillman .",4,2,2
sent_0602,"On May 15 , 2007 , XM suspended Opie & Anthony for 30 days , in response to a broadcast featuring a homeless man who wan",4,3,1
sent_0603,"On November 2 , 2005 , Brown ended his contract early and left the federal government .",2,2,0
sent_0604,"One candidate is a wreck at the western end of Manitoulin Island in Lake Huron , with another wreck near Escanaba , Mich",8,6,2
sent_0605,"One example could be `` Time '' , the fifth song from Pink Floyd 's 1973 album `` The Dark Side Of The Moon '' , which c",7,4,3
sent_0606,"Only Ballard and Williams are left after Sergeant Jericho and the other officers , along with the two train operators , ",7,3,4
sent_0607,"Opponents of religious freedom sometimes referred to it as `` Rogue 's Island '' , and Cotton Mather called it `` the se",3,3,0
sent_0608,"Originally , Hank McCoy retains the basic features of a normal human alongside a generally simian physiology equivalent ",1,1,0
sent_0609,"Other signs of lens subluxation include mild conjunctival redness , vitreous humour degeneration , prolapse of the vitre",0,0,0
sent_0610,Pakistan Chrome Mines Ltd. is a mining company incorporated in the Islamic Republic of Pakistan .,3,1,2
sent_0611,Parental investment is any expenditure of resources to benefit one offspring .,3,1,2
sent_0612,"Piffaro generally performs a concert series of four to five concerts a year in Philadelphia , in addition to touring thr",6,4,2
sent_0613,"Plants have been planted marking parts of the foundations of the castle , so the positions of some of the buildings can ",8,3,5
sent_0614,"Prior to the 2012 season , the Royals signed Yost to a contract extension through the 2013 season .",3,2,1
sent_0615,"Prior to the Playmaker tool , the Player could only call one of four available `` hot routes . ''",5,2,3
sent_0616,"RedHat engineers identified problems with ProPolice though , and in 2005 re-implemented stack-smashing protection for in",4,3,1
sent_0617,Reptiles identified during surveys include marbled geckos on both island groups while the following are limited to the m,2,2,0
sent_0618,"Results like these indicate acoustic mimicry complexes , both Batesian and Mullerian , may be widespread in the auditory",5,3,2
sent_0619,"Returning home , Ballard delivers her report , which her superiors refuse to believe .",2,1,1
sent_0620,"Robert Charles `` Jack '' Russell , MBE , is a retired English international cricketer , now known for his abilities as ",9,5,4
sent_0621,Rosen argues that one of the most important provisions of the Constitution in Exile is limitations on the interstate com,17,2,15
sent_0622,San Francisco 's diversity of cultures along with its eccentricities are so great that they have greatly influenced the ,3,0,3
sent_0623,"Scarpetta returns to Virginia in `` Trace '' , convincing herself that she was fired from her position , at the request ",4,1,3
sent_0624,"Several isomers of octene are known , depending on the position and the geometry of the double bond in the carbon chain ",1,0,1
sent_0625,She died in October 1915 of a heart attack .,2,2,0
sent_0626,She provided an audio commentary for the episode on the DVD release of the show 's third series alongside David Tennant ,5,2,3
sent_0627,"She published more than 15 research publications , including International Journals , International Conferences , Nation",7,6,1
sent_0628,She returned to that Thames River base 9 February 1931 and for the remainder of the decade served as a training ship pri,7,4,3
sent_0629,"She was ordered to be rebuilt on 9 March 1724 , and was taken in hand at Deptford Dockyard by Master Shipwright Richard ",5,4,1
sent_0630,"Shea was born on September 5 , 1900 in San Francisco , California .",10,5,5
sent_0631,"Since joining the competition in 1908 , Richmond has won ten premierships , the most recent victory being in 1980 .",5,3,2
sent_0632,Sometimes extra payments were specified by which a freed slave could liberate himself from these residual duties .,7,1,6
sent_0633,"Specifically , knowledge and interest in the event affects the level of personal importance for the individual , which a",3,3,0
sent_0634,"Spennymoor Town F.C. are the main local football team and won the FA Carlsberg Vase , after winning 2-1 in the final at ",5,3,2
sent_0635,Sukhum functioned as the capital of the `` Union treaty '' Abkhaz Soviet Socialist Republic associated with the Georgian,10,3,7
sent_0636,"Superboy-Prime , seeing an opportunity to defeat the now-weakened Anti-Monitor , flew through the Anti-Monitor 's chest ",4,2,2
sent_0637,"Swinburne moves in his writing program from the philosophical to the theological , building his case rigorously .",3,2,1
sent_0638,Team Racing is a NASCAR Craftsman Truck Series team .,3,0,3
sent_0639,"That same year saw an outbreak of plague in Venice , one that lasted two years and caused Franco to leave the city and t",4,3,1
sent_0640,The 2nd Battalion of the 13th Light Infantry was raised at Winchester in January 1858 .,2,2,0
sent_0641,The Acrolepiidae family of moths are also known as False Diamondback moths .,4,1,3
sent_0642,"The Alarm are an alternative rock/new wave band that formed in Rhyl , North Wales , in 1981 .",4,1,3
sent_0643,"The Bourbons built additional reception rooms and reconstructed the Sala d'Ercole , named for its frescos depicted the m",3,3,0
sent_0644,"The Bureau of Alcohol , Tobacco , Firearms and Explosives , formed in 1886 , is a federal law enforcement organization w",3,1,2
sent_0645,"The CRZ was organized by the Nepal and Indian members of the Naxalite movement , in a meeting at Siliguri in the Indian ",6,2,4
sent_0646,"The Charles City equipment was transferred to Mason City to replace equipment burned in the November 24 , 1967 shop fire",3,2,1
sent_0647,The Hamburg Concathedral with chapterhouse and capitular residential courts formed a `` Cathedral Immunity District '' o,1,1,0
sent_0648,"The Main Street Tunnel , located in Welland , Ontario , Canada , is an underwater tunnel , carrying Niagara Road 27 and ",4,2,2
sent_0649,The Nadvorna dynasty is notable inasmuch as many of its descendants become rebbes .,2,1,1
sent_0650,The PAC bulletins were widely distributed at these meetings .,2,2,0
sent_0651,"The Persian contingent that was supposed to guard the defile soon abandoned it , and Alexander passed through without an",6,3,3
sent_0652,"The Rev. William Alfred Quayle was honored by his alma mater , Baker University , with the degrees Litt.D .",1,1,0
sent_0653,"The River Stour Trust , formed in 1968 , has its headquarters in Sudbury , and a purpose built Visitor Centre located at",4,1,3
sent_0654,The SAS killed a total of 14 Provisional Irish Republican Army and Irish National Liberation Army members at these locat,8,3,5
sent_0655,"The Steinbrenner family added a monument to Monument Park on September 20 , 2010 to honor Steinbrenner .",2,1,1
sent_0656,"The Summer Programs Office runs these programs , and many Wardlaw-Hartridge Students attend camp or classes over the sum",5,3,2
sent_0657,The Triple-A Baseball National Championship Game was established in 2006 .,1,1,0
sent_0658,The Venezuelan government required that all private television stations dedicate at least 25 % of their airtime to progr,6,5,1
sent_0659,The Wilbur Cross Highway formerly ended in Sturbridge ; locals sometimes call Haynes Street and portions of Mashapaug Ro,5,3,2
sent_0660,"The `` Charleston Courier , '' founded in 1803 , and `` Charleston Daily News , '' founded in 1865 , merged to form the ",6,3,3
sent_0661,"The album , produced by Roy Thomas Baker , was promoted with American and European tours .",3,2,1
sent_0662,The band also confirmed that the album would be self-released .,3,2,1
sent_0663,The canal was dammed off from the river for most of the construction period .,6,1,5
sent_0664,"The car used in `` Stealth '' was a band member 's car , and recorded just outside the studio in the parking lot .",3,1,2
sent_0665,"The city was founded by the Western Town Lot Company in 1880 , and originally named Nordland , with the platted streets ",3,3,0
sent_0666,The closest Watson ever got was when Republicans had 12 seats in the State House in 2003 .,6,0,6
sent_0667,The community is served by the United States Postal Service Hinsdale Post Office .,1,1,0
sent_0668,The dialects they speak are similar but have different intonations .,3,1,2
sent_0669,"The diocese was originally erected as the Prefecture Apostolic of Hpyeng-yang on 17 March 1927 , and renamed as the Pref",4,2,2
sent_0670,"The economy of Ostrov is based on food , electronic , and textile industries .",1,0,1
sent_0671,"The engine had twin turbochargers , and produced an advertised at 5700 rpm and of torque on 8 lbs of boost .",3,2,1
sent_0672,"The ensemble also has extensive recordings with Deutsche Grammophon , Dorian Recordings , Newport Classic , Navona Recor",5,0,5
sent_0673,"The establishment of a museum had first been planned in 1821 by the Philosophical Society of Australasia , and although ",2,2,0
sent_0674,"The extension of the University Library can be found on the second floor , and parking for 120 cars on the third to sixt",7,2,5
sent_0675,"The external gauge is usually readable directly , and most also incorporate an electronic sender to operate a fuel gauge",6,1,5
sent_0676,The failure of 1st Armored to arrive intact and deploy as a single entity would have important consequences in later act,7,0,7
sent_0677,The field at the Lake Elsinore Diamond is named the Pete Lehr Field .,3,2,1
sent_0678,The first comes from when Sweden 's Royal Couple lived there during the 1992 Barcelona Summer Olympics .,4,3,1
sent_0679,The first five laps would be added to the second part of the race and the overall result would be decided on aggregate .,4,2,2
sent_0680,"The first library in Huntington Beach opened in 1909 and has since evolved to a five location library system : Central ,",4,2,2
sent_0681,"The following tour featured extensive dates in East Asia , where the group played Tokyo , Osaka , Fukuoka , and Southeas",9,8,1
sent_0682,The founder had pledged himself to honour the Blessed Virgin in a special manner .,3,1,2
sent_0683,"The fundraiser was successful , and the trip occurred from June through September of 2014 .",3,1,2
sent_0684,The fuselage had an oval cross-section and housed a water-cooled inverted-V V-12 engine .,4,1,3
sent_0685,"The gauge sender is usually a magnetically coupled arrangement , with a float arm inside the tank rotating a magnet , wh",4,2,2
sent_0686,The insurer sponsored the golf tournament known as the New Orleans Open beginning in 1981 .,4,2,2
sent_0687,"The lodge is open from mid-May to mid-October , with two weeks starting in the end of August reserved for the Dartmouth ",6,3,3
sent_0688,The opening credits sequence for the collection was directed by Hanada Daizaburo .,2,2,0
sent_0689,"The permanent members are the provost , the Carl H. Pforzheimer University Professor and the deans or designees from the",3,0,3
sent_0690,The pillars in a line on its both sides are according to Doric or Greek style and their decorations are according to the,5,3,2
sent_0691,"The race is in mixed eights , and usually held in late February / early March .",2,2,0
sent_0692,The rapids at the head of the South Fork were removed in 1908 .,2,2,0
sent_0693,"The redesigned 2006 Ram SRT-10 came in Mineral Gray Metallic , Inferno Red , and Brilliant Black Crystal Clear Coat .",3,3,0
sent_0694,The residue can be reprocessed for more dripping and strained through a cheesecloth lined sieve as an ingredient for a f,5,5,0
sent_0695,"The rest of the group reach a small shop , where Brady attempts to phone the Sheriff , but the crocodile breaks through ",4,4,0
sent_0696,"The restrictions against eating meat and drinking wine , besides reducing a person 's pleasure , recall the cessation of",3,2,1
sent_0697,"The riders climbed off and began walking , shouting protests in general and in particular abuse at the race doctor , Pie",5,4,1
sent_0698,The second was named after former US President George H. W. Bush stayed aboard in November 1995 .,5,3,2
sent_0699,The second was titled `` Consider Her Ways '' and also starred Barrie as the lead named Jane Waterleigh .,3,2,1
sent_0700,The series of three constitutional amendments in 1933 severely curtailed the role of the Governor-General of the Irish F,1,1,0
sent_0701,"The site consists of three subterranean Grotto follies , constructed in the 18th century , split between two areas , one",3,1,2
sent_0702,"The staff provides a family-style , home-cooked dinner every night , which is attended not only by Dartmouth students , ",0,0,0
sent_0703,The station has a concourse and ticket office area which was internally redesigned and reopened in mid-2012 .,4,2,2
sent_0704,"The stations were both called `` Midsomer Norton and Welton '' ; under British Railways , the S&D station was renamed as",4,2,2
sent_0705,The stock pot should be chilled and the solid lump of dripping which settles when chilled should be scraped clean and re,6,2,4
sent_0706,"The suit alleged that they conspired to fix prices for e-books , and weaken Amazon.com 's position in the market , in vi",6,4,2
sent_0707,"The third known version is part number 2189014-00-212 , with at least one model being produced in February 1993 .",4,2,2
sent_0708,"The town was previously served by a station on the Somerset and Dorset Railway but this closed in 1966 , and by a second",7,5,2
sent_0709,The very large piers at the crossing signify that there was once a tower .,1,1,0
sent_0710,The video was the first ever to feature the use of dialogue .,2,2,0
sent_0711,Their mission was always for a specific mandate and lasted for a limited period .,2,1,1
sent_0712,Their numbers continued to increase each year as rumours about immigration restrictions appeared in much of the Cypriot ,1,1,0
sent_0713,"Then the fillets are put in a mix of olive oil , vinegar , sugar , garlic , chill peppers , and lots of parsley or celer",1,1,0
sent_0714,There have been two crashes involving fatalities at the airfield since it was established .,0,0,0
sent_0715,"There used to be a Youth Hostel but it closed in October 2008 and the building has since reopened as Keld Lodge , a hote",5,2,3
sent_0716,"There were 143 households out of which 30.1 % had children under the age of 18 living with them , 49.7 % were married co",2,0,2
sent_0717,"There were 47,604 households out of which 35.00 % had children under the age of 18 living with them , 56.30 % were marri",2,0,2
sent_0718,"There were 6,524 households out of which 35.3 % had children under the age of 18 living with them , 31.7 % were married ",2,2,0
sent_0719,These and other attempts supplied a bridge between the literature of the two languages .,3,2,1
sent_0720,"These are visually very similar to part number 2189014-00-211 , with the same AT style plug and chassis , silver label o",1,1,0
sent_0721,These beams stem from a cosmic energy source called the `` Omega Effect '' .,2,1,1
sent_0722,These objects are thrown away if their screen projection is too small .,2,0,2
sent_0723,"These orientations allow easy movement , i.e. degrees of freedom , and thus lowers entropy minimally .",2,2,0
sent_0724,"These were often related to European conflict , as the Stuart Pretenders were aided and encouraged by Britain 's contine",3,2,1
sent_0725,"They beat Milligan 1-0 , Grand View 3-0 , Webber International 1-0 and Azusa Pacific 0-0 to win the NAIA National Champi",4,3,1
sent_0726,"They have included some of the most dangerous assassins in the world including Lady Shiva , David Cain , and Merlyn .",0,0,0
sent_0727,They usually go through a period of dormancy after flowering .,5,1,4
sent_0728,"Third TV drama series was broadcast in 2008 - , featuring Mao Inoue as Anmitsu .",1,1,0
sent_0729,This attire has also become popular with women of other communities .,3,2,1
sent_0730,"This can be further generalized by defining a Q-valued Euler characteristic for certain finite categories , a notion com",4,1,3
sent_0731,"This change was soon picked up by Huguenot writers , who began to expand on Calvin and promote the idea of the sovereign",5,1,4
sent_0732,This engine was equipped with an electronically controlled carburetor .,2,1,1
sent_0733,This had considerable implications for the Welsh language as it was the main language of the nonconformist churches in W,2,0,2
sent_0734,"This is most common in Western countries in those with Barrett 's esophagus , and occurs in the cuboidal cells .",2,2,0
sent_0735,"This line was extended east by the Prahran & Malvern Tramways Trust from Hawthorn Road to Darling Road , Malvern East on",7,5,2
sent_0736,"This mutation gives him superhuman strength , speed , reflexes , agility , flexibility , dexterity , coordination , bala",9,9,0
sent_0737,"This policy was , however , opposed by the miners who demanded that the inspections be carried out by experienced collie",8,2,6
sent_0738,"To assist the pope in the many calls for his help and charity , Pascalina organized and led the `` Magazzino '' , a priv",4,4,0
sent_0739,"To keep the family together , Michael asks his self-centered twin sister Lindsay , her husband Tobias and their daughter",7,1,6
sent_0740,"To the Medieval school of Jewish Philosophy , that framed Judaism in light of Greek thought and human intellect , God th",1,0,1
sent_0741,"To the north , along and across the same border , live speakers of Lakha .",1,1,0
sent_0742,Total ` Fresh Food Story ' constructed at the end of the North Mall .,2,1,1
sent_0743,"Transferred to Key West , Florida , on 1 June 1941 , `` R-11 '' continued her training ship duties throughout the remain",6,3,3
sent_0744,Trumbull was often incorrectly credited in print as being the sole special-effects creator for 2001 .,3,1,2
sent_0745,"Twice divorced and currently married , Ladd is the mother of actress Laura Dern , by her ex-husband , actor Bruce Dern .",4,0,4
sent_0746,Two seats were won by the Labor-Progressive Party on its own with the re-election of A.A. MacLeod and J.B. Salsberg .,1,1,0
sent_0747,"Tyabb also has Tyabb Airport , a private airfield which has been operating for more than thirty years .",2,1,1
sent_0748,US 258 intersects NC 222 in Fountain before entering Edgecombe County .,2,1,1
sent_0749,"Under the Comanche program , each company built different parts of the aircraft .",5,5,0
sent_0750,"Unlike Uncle Sam later , he is not a figure of authority but rather a yeoman who prefers his small beer and domestic pea",2,2,0
sent_0751,Unruly passengers are often put off here to be taken into custody .,4,2,2
sent_0752,"Wakeboarding is practiced by both men and women at the competitive level , but they compete in separate categories .",4,4,0
sent_0753,Watson has served as Minority Leader since elected by his caucus in November 1998 .,4,1,3
sent_0754,"Watson was the founder and editor of `` newcritics.com , '' an online journal of media and arts criticism launched in Ja",5,0,5
sent_0755,When Naguib began showing signs of independence from Nasser by distancing himself from the RCC 's land reform decrees an,6,4,2
sent_0756,"When civilian government was introduced in Romblon by the Americans in 16 March 1901 , Banton was one of 11 new municipa",6,2,4
sent_0757,"When the explosion tore through the hut , Stauffenberg was convinced that no one in the room could have survived .",1,1,0
sent_0758,"While pursuing his MFA at Columbia in New York , Scieszka painted apartments .",1,1,0
sent_0759,"Wide acceptance of zero-energy building technology may require more government incentives or building code regulations ,",5,3,2
sent_0760,"With no assigned task , the Cosmos expressed concern for what Battra might do .",0,0,0
sent_0761,"With the help of Morena , the goddess of the underworld , she has captivated Yaromir .",4,1,3
sent_0762,"With this act , Russia was officially transformed from an absolute monarchy into a constitutional one , though the exact",2,1,1
sent_0763,"With versions in 1/48 , 1/72 , 1/96 , and 1/144 scale , Big Gun Model Warship combat clubs have rules that make provisio",8,3,5
sent_0764,Wright was the subject of `` This Is Your Life '' on two occasions : in May 1961 when he was surprised by Eamonn Andrews,4,2,2
sent_0765,`` Black Water '' became one of the few records by any act released as a B-side to another Hot 100 hit `` before '' topp,5,2,3
sent_0766,"`` Greenfish '' was launched by the Electric Boat Co. , Groton , Conn. , 21 December 1945 ; sponsored by Mrs. Thomas J. ",7,4,3
sent_0767,`` It started from modest beginnings and became a gigantic charity '' .,2,2,0
sent_0768,`` Le Griffon '' is reported to be the `` Holy Grail '' of Great Lakes shipwreck hunters .,3,1,2
sent_0769,"`` See also : Grand Duke of Luxembourg , List of Prime Ministers of Luxembourg ''",1,1,0
sent_0770,`` The Cure '' topped the online music sales charts .,3,2,1
sent_0771,"he was one of only a few concert organists worldwide who supported themselves exclusively by giving recitals , concerts ",2,1,1
sent_0772,A casting director at the time told Scott that he had wished that he 'd met him a week before ; he was casting for the `,5,2,3
sent_0773,"According to Hofmann , while still a teenage coin collector , he forged a rare mint mark on a dime and was told by an or",5,3,2
sent_0774,"In fact , Condon , after seeing Hauptmann in a lineup at New York Police Department Greenwich Street Station told FBI Sp",1,1,0
